ANO_CMPT,MEDIA_DIAS_INTERNACAO
2016,4.723963599595551
2017,4.550526315789473
2018,4.520599250936329
2019,4.705539358600583
2020,4.455555555555556
