ANO,SEVERIDADE,VALOR
2016,GRAVE,321618.08999999816
2016,LEVE/MODERADA,39444.19000000024
2017,GRAVE,352069.4599999948
2017,LEVE/MODERADA,45366.680000000204
2018,GRAVE,396038.45999999234
2018,LEVE/MODERADA,35538.38000000009
2019,GRAVE,414276.8199999931
2019,LEVE/MODERADA,73212.18000000036
2020,GRAVE,347234.2299999964
2020,LEVE/MODERADA,41910.50000000008
